이름,나이,거주지
양현우,32,인천
홍길동,30,서울
아무개,25,강원
양현우,32,인천
홍길동,30,서울
아무개,25,강원
양현우,32,인천
홍길동,30,서울
아무개,25,강원
양현우,32,인천
홍길동,30,서울
아무개,25,강원
양현우,32,인천
홍길동,30,서울
아무개,25,강원
양현우,32,인천
홍길동,30,서울
아무개,25,강원
양현우,32,인천
홍길동,30,서울
아무개,25,강원
양현우,32,인천
홍길동,30,서울
아무개,25,강원
양현우,32,인천
홍길동,30,서울
아무개,25,강원
양현우,32,인천
홍길동,30,서울
아무개,25,강원
양현우,32,인천
홍길동,30,서울
아무개,25,강원
양현우,32,인천
홍길동,30,서울
아무개,25,강원
양현우,32,인천
홍길동,30,서울
아무개,25,강원
양현우,32,인천
홍길동,30,서울
아무개,25,강원
양현우,32,인천
홍길동,30,서울
아무개,25,강원
양현우,32,인천
홍길동,30,서울
아무개,25,강원
양현우,32,인천
홍길동,30,서울
아무개,25,강원
양현우,32,인천
홍길동,30,서울
아무개,25,강원
양현우,32,인천
홍길동,30,서울
아무개,25,강원
양현우,32,인천
홍길동,30,서울
아무개,25,강원
양현우,32,인천
홍길동,30,서울
아무개,25,강원
양현우,32,인천
홍길동,30,서울
아무개,25,강원
양현우,32,인천
홍길동,30,서울
아무개,25,강원
양현우,32,인천
홍길동,30,서울
아무개,25,강원
양현우,32,인천
홍길동,30,서울
아무개,25,강원
양현우,32,인천
홍길동,30,서울
아무개,25,강원
양현우,32,인천
홍길동,30,서울
아무개,25,강원
양현우,32,인천
홍길동,30,서울
아무개,25,강원
양현우,32,인천
홍길동,30,서울
아무개,25,강원
양현우,32,인천
홍길동,30,서울
아무개,25,강원
양현우,32,인천
홍길동,30,서울
아무개,25,강원
양현우,32,인천
홍길동,30,서울
아무개,25,강원
양현우,32,인천
홍길동,30,서울
아무개,25,강원
양현우,32,인천
,32,서울
,32,강원
,32,인천
